{"cameraMode":{"drawMode":0,"name":"Shaded","section":"Shading Mode"},"sceneLighting":false,"audioPlay":false,"sceneViewState":{"showFog":true,"showMaterialUpdate":true,"showSkybox":false,"showFlares":true,"showImageEffects":true,"showParticleSystems":true},"in2DMode":false,"pivot":{"x":-1.4530072212219239,"y":0.4497215747833252,"z":-0.9347711801528931},"rotation":{"x":-0.21676374971866609,"y":0.707809329032898,"z":-0.24506314098834992,"w":-0.6260749101638794},"size":5.544924736022949,"orthographic":false}