{"cameraMode":{"drawMode":0,"name":"Shaded","section":"Shading Mode"},"sceneLighting":true,"audioPlay":false,"sceneViewState":{"showFog":true,"showMaterialUpdate":true,"showSkybox":true,"showFlares":true,"showImageEffects":true,"showParticleSystems":true},"in2DMode":false,"pivot":{"x":204.96588134765626,"y":157.28414916992188,"z":-10.426544189453125},"rotation":{"x":0.04617031291127205,"y":0.023971732705831529,"z":-0.0011048574233427644,"w":0.9986494779586792},"size":483.75726318359377,"orthographic":false}