{"cameraMode":{"drawMode":0,"name":"Shaded","section":"Shading Mode"},"sceneLighting":false,"audioPlay":false,"sceneViewState":{"showFog":false,"showMaterialUpdate":false,"showSkybox":false,"showFlares":false,"showImageEffects":false,"showParticleSystems":false},"in2DMode":false,"pivot":{"x":0.5939999222755432,"y":1.4901161193847657e-8,"z":0.0},"rotation":{"x":0.0018543184269219637,"y":0.9222605228424072,"z":-0.3865566551685333,"w":0.004423485603183508},"size":0.39077886939048769,"orthographic":false}