{"cameraMode":{"drawMode":0,"name":"Shaded","section":"Shading Mode"},"sceneLighting":false,"audioPlay":false,"sceneViewState":{"showFog":false,"showMaterialUpdate":false,"showSkybox":false,"showFlares":false,"showImageEffects":false,"showParticleSystems":false},"in2DMode":false,"pivot":{"x":-1.0601680278778077,"y":-0.20100000500679017,"z":1.9450011253356934},"rotation":{"x":0.0018543184269219637,"y":0.9222605228424072,"z":-0.3865566551685333,"w":0.004423485603183508},"size":10.0,"orthographic":false}