{"cameraMode":{"drawMode":0,"name":"Shaded","section":"Shading Mode"},"sceneLighting":false,"audioPlay":false,"sceneViewState":{"showFog":false,"showMaterialUpdate":false,"showSkybox":false,"showFlares":false,"showImageEffects":false,"showParticleSystems":false},"in2DMode":false,"pivot":{"x":-0.0632392168045044,"y":0.4853959083557129,"z":0.18968987464904786},"rotation":{"x":-0.10974086821079254,"y":0.8694010376930237,"z":-0.4267549216747284,"w":-0.22356867790222169},"size":6.626011371612549,"orthographic":false}