{"cameraMode":{"drawMode":0,"name":"Shaded","section":"Shading Mode"},"sceneLighting":false,"audioPlay":false,"sceneViewState":{"showFog":false,"showMaterialUpdate":false,"showSkybox":false,"showFlares":false,"showImageEffects":false,"showParticleSystems":false},"in2DMode":false,"pivot":{"x":0.23833656311035157,"y":0.36140191555023196,"z":-0.0029010772705078127},"rotation":{"x":-0.050948988646268848,"y":0.875434160232544,"z":-0.47123873233795168,"w":-0.0946497768163681},"size":2.2436819076538088,"orthographic":false}