{"cameraMode":{"drawMode":0,"name":"Shaded","section":"Shading Mode"},"sceneLighting":true,"audioPlay":false,"sceneViewState":{"showFog":false,"showMaterialUpdate":false,"showSkybox":false,"showFlares":false,"showImageEffects":false,"showParticleSystems":false},"in2DMode":false,"pivot":{"x":0.20557907223701478,"y":-27.790870666503908,"z":25.3147029876709},"rotation":{"x":0.0044656782411038879,"y":0.7049747109413147,"z":-0.7092151641845703,"w":0.004438833333551884},"size":36.4504508972168,"orthographic":false}