{"cameraMode":{"drawMode":0,"name":"Shaded","section":"Shading Mode"},"sceneLighting":false,"audioPlay":false,"sceneViewState":{"showFog":false,"showMaterialUpdate":false,"showSkybox":false,"showFlares":false,"showImageEffects":false,"showParticleSystems":false},"in2DMode":false,"pivot":{"x":-0.012941241264343262,"y":0.6186964511871338,"z":0.01901233196258545},"rotation":{"x":-0.050948988646268848,"y":0.875434160232544,"z":-0.47123873233795168,"w":-0.0946497768163681},"size":4.556958198547363,"orthographic":false}