{"cameraMode":{"drawMode":0,"name":"Shaded","section":"Shading Mode"},"sceneLighting":false,"audioPlay":false,"sceneViewState":{"showFog":false,"showMaterialUpdate":false,"showSkybox":false,"showFlares":false,"showImageEffects":false,"showParticleSystems":false},"in2DMode":false,"pivot":{"x":-0.14406231045722962,"y":1.8379968404769898,"z":-0.37927424907684328},"rotation":{"x":-0.046305231750011447,"y":0.9219620227813721,"z":-0.3664371073246002,"w":-0.11650404334068299},"size":1.6799120903015137,"orthographic":false}