{"cameraMode":{"drawMode":0,"name":"Shaded","section":"Shading Mode"},"sceneLighting":false,"audioPlay":false,"sceneViewState":{"showFog":false,"showMaterialUpdate":false,"showSkybox":false,"showFlares":false,"showImageEffects":false,"showParticleSystems":false},"in2DMode":false,"pivot":{"x":-0.03836417198181152,"y":2.5483498573303224,"z":-0.05876326560974121},"rotation":{"x":0.0018543184269219637,"y":0.9222605228424072,"z":-0.3865566551685333,"w":0.004423485603183508},"size":3.7076075077056886,"orthographic":false}