{"cameraMode":{"drawMode":0,"name":"Shaded","section":"Shading Mode"},"sceneLighting":true,"audioPlay":false,"sceneViewState":{"showFog":false,"showMaterialUpdate":false,"showSkybox":false,"showFlares":false,"showImageEffects":false,"showParticleSystems":false},"in2DMode":false,"pivot":{"x":5.166621685028076,"y":4.888249397277832,"z":32.54129409790039},"rotation":{"x":-0.06505931913852692,"y":0.9341257810592651,"z":-0.22711166739463807,"w":-0.2676015794277191},"size":11.26024055480957,"orthographic":false}